umbrella_genre,subgenre,bpm_min,bpm_max,bpm_note,pitch,research_sources
House,House,115,130,,"Classic four-on-the-floor club music: warm, steady and easy to lock into. Great for people who want a dancefloor that feels groovy and social rather than punishing.",https://se7enbeatlab.com/bpm/house/ ; https://vibesdj.io/dj-tools/edm-genre-chart
House,Deep House,118,125,,"Smooth, spacious and understated, with warm bass, soft chords and a late-night feel. Great for people who want a dancefloor that feels groovy and social rather than punishing.",https://se7enbeatlab.com/bpm/house/ ; https://vibesdj.io/dj-tools/edm-genre-chart
House,Tech House,122,128,,"Punchy, cheeky and groove-first, balancing house swing with stripped-back club pressure. Great for people who want a dancefloor that feels groovy and social rather than punishing.",https://se7enbeatlab.com/bpm/house/ ; https://vibesdj.io/dj-tools/edm-genre-chart
House,Afro House,118,126,,"Percussive, warm and hypnotic, with rolling drums and a strong sense of movement. Great for people who want a dancefloor that feels groovy and social rather than punishing.",https://se7enbeatlab.com/bpm/house/ ; https://vibesdj.io/dj-tools/edm-genre-chart
House,Afro Tech,120,128,,"Darker and more driving than Afro House, pairing African percussion with a sleek techno edge. Great for people who want a dancefloor that feels groovy and social rather than punishing.",https://se7enbeatlab.com/bpm/house/ ; https://vibesdj.io/dj-tools/edm-genre-chart
House,Organic House,110,124,,"Earthy, melodic and flowing, often using acoustic textures, hand percussion and cinematic atmosphere. Great for people who want a dancefloor that feels groovy and social rather than punishing.",https://se7enbeatlab.com/bpm/house/ ; https://vibesdj.io/dj-tools/edm-genre-chart
House,Progressive House,124,132,,"Patient and emotional, built around long blends, rising tension and melodies that slowly open up. Great for people who want a dancefloor that feels groovy and social rather than punishing.",https://se7enbeatlab.com/bpm/house/ ; https://vibesdj.io/dj-tools/edm-genre-chart
House,Melodic House,118,126,,"Warm, emotional house with lush chords and memorable melodies rather than hard-edged drops. Great for people who want a dancefloor that feels groovy and social rather than punishing.",https://se7enbeatlab.com/bpm/house/ ; https://vibesdj.io/dj-tools/edm-genre-chart
House,Melodic House & Techno,120,130,,"Cinematic and dramatic, combining melodic builds with the weight and repetition of techno. Great for people who want a dancefloor that feels groovy and social rather than punishing.",https://se7enbeatlab.com/bpm/house/ ; https://vibesdj.io/dj-tools/edm-genre-chart
House,Minimal / Deep Tech,120,128,,"Tight, stripped-back and rolling, where tiny rhythmic details and bass movement do most of the work. Great for people who want a dancefloor that feels groovy and social rather than punishing.",https://se7enbeatlab.com/bpm/house/ ; https://vibesdj.io/dj-tools/edm-genre-chart
House,Bass House,124,130,,"House rhythm with a much heavier low end, made for punchy drops and rowdy club energy. Great for people who want a dancefloor that feels groovy and social rather than punishing.",https://se7enbeatlab.com/bpm/house/ ; https://vibesdj.io/dj-tools/edm-genre-chart
House,Funky House,122,128,,"Bright, upbeat and groove-heavy, with disco, funk and soulful samples pushing the dancefloor forward. Great for people who want a dancefloor that feels groovy and social rather than punishing.",https://se7enbeatlab.com/bpm/house/ ; https://vibesdj.io/dj-tools/edm-genre-chart
House,Jackin House,124,128,,"Bouncy, swaggering house built around chopped samples, swinging drums and playful Chicago-style groove. Great for people who want a dancefloor that feels groovy and social rather than punishing.",https://se7enbeatlab.com/bpm/house/ ; https://vibesdj.io/dj-tools/edm-genre-chart
House,Soulful House,118,124,,"Warm, uplifting and vocal-friendly, with gospel, soul and jazz influence at the center. Great for people who want a dancefloor that feels groovy and social rather than punishing.",https://se7enbeatlab.com/bpm/house/ ; https://vibesdj.io/dj-tools/edm-genre-chart
House,Vocal House,120,126,,"House built around a memorable singer or vocal hook, usually accessible, emotional and crowd-friendly. Great for people who want a dancefloor that feels groovy and social rather than punishing.",https://se7enbeatlab.com/bpm/house/ ; https://vibesdj.io/dj-tools/edm-genre-chart
House,Piano House,120,128,,"Big, bright piano chords over classic house drums—the kind of sound that instantly lifts a room. Great for people who want a dancefloor that feels groovy and social rather than punishing.",https://se7enbeatlab.com/bpm/house/ ; https://vibesdj.io/dj-tools/edm-genre-chart
House,French House / Filter House,118,128,,"Glossy, funky and sample-driven, with heavily filtered disco loops and a stylish retro feel. Great for people who want a dancefloor that feels groovy and social rather than punishing.",https://se7enbeatlab.com/bpm/house/ ; https://vibesdj.io/dj-tools/edm-genre-chart
House,Acid House,120,130,,"Hypnotic and squelchy, built around the unmistakable twisting sound of a 303-style bassline. Great for people who want a dancefloor that feels groovy and social rather than punishing.",https://se7enbeatlab.com/bpm/house/ ; https://vibesdj.io/dj-tools/edm-genre-chart
House,Latin House,122,130,,"House grooves energized by Latin percussion, vocals and rhythmic flavor. Great for people who want a dancefloor that feels groovy and social rather than punishing.",https://se7enbeatlab.com/bpm/house/ ; https://vibesdj.io/dj-tools/edm-genre-chart
House,Tribal House,124,130,,"Drum-heavy and physical, with congas, toms and layered percussion creating a rolling, ritual feel. Great for people who want a dancefloor that feels groovy and social rather than punishing.",https://se7enbeatlab.com/bpm/house/ ; https://vibesdj.io/dj-tools/edm-genre-chart
House,Indie Tech,122,128,,"A clubby middle ground between tech house and indie dance, with quirky synths and a less conventional attitude. Great for people who want a dancefloor that feels groovy and social rather than punishing.",https://se7enbeatlab.com/bpm/house/ ; https://vibesdj.io/dj-tools/edm-genre-chart
House,Future House,124,128,,"Bright, punchy and festival-friendly, with bouncy bass sounds and very clean, modern drops. Great for people who want a dancefloor that feels groovy and social rather than punishing.",https://se7enbeatlab.com/bpm/house/ ; https://vibesdj.io/dj-tools/edm-genre-chart
House,Tropical House,100,118,,"Laid-back and sunny, using soft percussion, breezy melodies and a relaxed pop-friendly groove. Great for people who want a dancefloor that feels groovy and social rather than punishing.",https://se7enbeatlab.com/bpm/house/ ; https://vibesdj.io/dj-tools/edm-genre-chart
Techno,Techno,125,150,,"Driving, hypnotic and machine-focused—music for getting locked into a groove and staying there. Look for it if you want a club night built around repetition, pressure and getting lost in the rhythm.",https://vibesdj.io/dj-tools/edm-genre-chart ; https://ozgymusic.com/articles/electronic-music-genres-by-bpm ; https://onloopin.com/blog/typical-bpm-for-techno
Techno,Peak-Time / Driving,130,140,,"Big, propulsive techno designed for the busiest part of the night, with strong kicks and constant forward motion. Look for it if you want a club night built around repetition, pressure and getting lost in the rhythm.",https://vibesdj.io/dj-tools/edm-genre-chart ; https://ozgymusic.com/articles/electronic-music-genres-by-bpm ; https://onloopin.com/blog/typical-bpm-for-techno
Techno,Raw Techno,130,142,,"Rougher, dirtier and more physical, favoring grainy drums, pressure and stripped-back intensity. Look for it if you want a club night built around repetition, pressure and getting lost in the rhythm.",https://vibesdj.io/dj-tools/edm-genre-chart ; https://ozgymusic.com/articles/electronic-music-genres-by-bpm ; https://onloopin.com/blog/typical-bpm-for-techno
Techno,Deep Techno,122,132,,"Subtle, immersive and patient, with low-key percussion and atmosphere taking priority over obvious hooks. Look for it if you want a club night built around repetition, pressure and getting lost in the rhythm.",https://vibesdj.io/dj-tools/edm-genre-chart ; https://ozgymusic.com/articles/electronic-music-genres-by-bpm ; https://onloopin.com/blog/typical-bpm-for-techno
Techno,Hypnotic Techno,128,138,,"Looping motifs and gradual changes pull you into a trance without relying on huge drops. Look for it if you want a club night built around repetition, pressure and getting lost in the rhythm.",https://vibesdj.io/dj-tools/edm-genre-chart ; https://ozgymusic.com/articles/electronic-music-genres-by-bpm ; https://onloopin.com/blog/typical-bpm-for-techno
Techno,Detroit Techno,125,140,,"Futuristic and soulful at once, combining machine rhythms with funk, melody and movement. Look for it if you want a club night built around repetition, pressure and getting lost in the rhythm.",https://vibesdj.io/dj-tools/edm-genre-chart ; https://ozgymusic.com/articles/electronic-music-genres-by-bpm ; https://onloopin.com/blog/typical-bpm-for-techno
Techno,Dub Techno,115,130,,"Deep, spacious and echo-heavy, with chords dissolving into reverb and delay over a steady pulse. Look for it if you want a club night built around repetition, pressure and getting lost in the rhythm.",https://vibesdj.io/dj-tools/edm-genre-chart ; https://ozgymusic.com/articles/electronic-music-genres-by-bpm ; https://onloopin.com/blog/typical-bpm-for-techno
Techno,Minimal Techno,122,132,,"Lean and precise, using very few elements and making tiny changes feel surprisingly important. Look for it if you want a club night built around repetition, pressure and getting lost in the rhythm.",https://vibesdj.io/dj-tools/edm-genre-chart ; https://ozgymusic.com/articles/electronic-music-genres-by-bpm ; https://onloopin.com/blog/typical-bpm-for-techno
Techno,Dark Techno,128,145,,"Brooding and forceful, with ominous textures, heavy drums and a late-night warehouse mood. Look for it if you want a club night built around repetition, pressure and getting lost in the rhythm.",https://vibesdj.io/dj-tools/edm-genre-chart ; https://ozgymusic.com/articles/electronic-music-genres-by-bpm ; https://onloopin.com/blog/typical-bpm-for-techno
Techno,Acid Techno,130,145,,"Techno pressure plus screaming, twisting acid lines—raw, psychedelic and very physical. Look for it if you want a club night built around repetition, pressure and getting lost in the rhythm.",https://vibesdj.io/dj-tools/edm-genre-chart ; https://ozgymusic.com/articles/electronic-music-genres-by-bpm ; https://onloopin.com/blog/typical-bpm-for-techno
Techno,Melodic Techno,120,128,,"Emotional and cinematic techno with clear melodies, dramatic builds and a polished club sound. Look for it if you want a club night built around repetition, pressure and getting lost in the rhythm.",https://vibesdj.io/dj-tools/edm-genre-chart ; https://ozgymusic.com/articles/electronic-music-genres-by-bpm ; https://onloopin.com/blog/typical-bpm-for-techno
Techno,Hardgroove,132,142,,"Fast, funky and percussion-led, with rolling drums and relentless groove rather than giant breakdowns. Look for it if you want a club night built around repetition, pressure and getting lost in the rhythm.",https://vibesdj.io/dj-tools/edm-genre-chart ; https://ozgymusic.com/articles/electronic-music-genres-by-bpm ; https://onloopin.com/blog/typical-bpm-for-techno
Techno,Tribal Techno,130,140,,"Driving techno packed with toms, congas and layered percussion for a more physical, drum-led feel. Look for it if you want a club night built around repetition, pressure and getting lost in the rhythm.",https://vibesdj.io/dj-tools/edm-genre-chart ; https://ozgymusic.com/articles/electronic-music-genres-by-bpm ; https://onloopin.com/blog/typical-bpm-for-techno
Techno,Industrial Techno,135,150,,"Metallic, harsh and warehouse-heavy, built around distorted drums and machinery-like textures. Look for it if you want a club night built around repetition, pressure and getting lost in the rhythm.",https://vibesdj.io/dj-tools/edm-genre-chart ; https://ozgymusic.com/articles/electronic-music-genres-by-bpm ; https://onloopin.com/blog/typical-bpm-for-techno
Techno,Broken Techno,125,138,,"Techno that breaks away from straight four-on-the-floor, using off-kilter drums and syncopated movement. Look for it if you want a club night built around repetition, pressure and getting lost in the rhythm.",https://vibesdj.io/dj-tools/edm-genre-chart ; https://ozgymusic.com/articles/electronic-music-genres-by-bpm ; https://onloopin.com/blog/typical-bpm-for-techno
Techno,Psy-Techno,130,145,,"A hypnotic crossover where techno grooves meet psychedelic sound design and rolling trance-like momentum. Look for it if you want a club night built around repetition, pressure and getting lost in the rhythm.",https://vibesdj.io/dj-tools/edm-genre-chart ; https://ozgymusic.com/articles/electronic-music-genres-by-bpm ; https://onloopin.com/blog/typical-bpm-for-techno
Techno,EBM,115,140,,"Stomping, mechanical body music with sequenced basslines, shouted vocals and a militaristic club pulse. Look for it if you want a club night built around repetition, pressure and getting lost in the rhythm.",https://vibesdj.io/dj-tools/edm-genre-chart ; https://ozgymusic.com/articles/electronic-music-genres-by-bpm ; https://onloopin.com/blog/typical-bpm-for-techno
Techno,Afro Tech,120,128,,"Darker and more driving than Afro House, pairing African percussion with a sleek techno edge. Look for it if you want a club night built around repetition, pressure and getting lost in the rhythm.",https://vibesdj.io/dj-tools/edm-genre-chart ; https://ozgymusic.com/articles/electronic-music-genres-by-bpm ; https://onloopin.com/blog/typical-bpm-for-techno
Hard Techno,Hard Techno,145,160,,"Fast, pounding and uncompromising, with distorted kicks and warehouse-rave intensity. Pick this when you want a high-intensity rave where the energy barely drops.",https://www.mixgraph.io/bpm-for/hard-techno ; https://vibesdj.io/dj-tools/edm-genre-chart ; https://calrave.com/en/blog/what-is-hard-techno/
Hard Techno,Schranz,145,160,,"Relentless, loop-driven hard techno with hammering percussion and almost no breathing room. Pick this when you want a high-intensity rave where the energy barely drops.",https://www.mixgraph.io/bpm-for/hard-techno ; https://vibesdj.io/dj-tools/edm-genre-chart ; https://calrave.com/en/blog/what-is-hard-techno/
Hard Techno,Hard-Bounce,150,165,Contemporary hard-techno/hard-dance crossover; naming is scene-driven and ranges vary.,"Hard-techno energy with a springier rave bounce—fast, playful and built for explosive crowd reactions. Pick this when you want a high-intensity rave where the energy barely drops.",https://www.mixgraph.io/bpm-for/hard-techno ; https://vibesdj.io/dj-tools/edm-genre-chart ; https://calrave.com/en/blog/what-is-hard-techno/
Hard Techno,Industrial Hard Techno,145,165,,The harshest industrial textures pushed into hard-techno speed and impact. Pick this when you want a high-intensity rave where the energy barely drops.,https://www.mixgraph.io/bpm-for/hard-techno ; https://vibesdj.io/dj-tools/edm-genre-chart ; https://calrave.com/en/blog/what-is-hard-techno/
Hard Techno,Acid Hard Techno,145,165,,Hard techno with aggressive 303-style acid lines slicing through distorted kick drums. Pick this when you want a high-intensity rave where the energy barely drops.,https://www.mixgraph.io/bpm-for/hard-techno ; https://vibesdj.io/dj-tools/edm-genre-chart ; https://calrave.com/en/blog/what-is-hard-techno/
Hard Techno,Hardgroove,132,142,,"Fast, funky and percussion-led, with rolling drums and relentless groove rather than giant breakdowns. Pick this when you want a high-intensity rave where the energy barely drops.",https://www.mixgraph.io/bpm-for/hard-techno ; https://vibesdj.io/dj-tools/edm-genre-chart ; https://calrave.com/en/blog/what-is-hard-techno/
Hard Techno,Neo-Rave,145,165,Scene/crossover label rather than one strict production formula.,"A modern rave crossover full of fast tempos, old-school stabs, trancey leads and intentionally over-the-top energy. Pick this when you want a high-intensity rave where the energy barely drops.",https://www.mixgraph.io/bpm-for/hard-techno ; https://vibesdj.io/dj-tools/edm-genre-chart ; https://calrave.com/en/blog/what-is-hard-techno/
Hard Dance / Hardcore,Hardcore,160,200,,"Extremely fast, aggressive rave music centered on huge distorted kicks and maximum energy. This is for nights where speed, impact and full-send rave energy are the whole point.",https://vibesdj.io/dj-tools/edm-genre-chart ; https://www.tempo-melodie.com/calculateur-bpm/
Hard Dance / Hardcore,Gabber,160,200,,"Raw, brutal and unmistakably old-school, with distorted kicks and a confrontational warehouse-rave attitude. This is for nights where speed, impact and full-send rave energy are the whole point.",https://vibesdj.io/dj-tools/edm-genre-chart ; https://www.tempo-melodie.com/calculateur-bpm/
Hard Dance / Hardcore,Hardstyle,150,160,,"Big kicks, dramatic builds and huge melodies—hard dance designed for festival-scale release. This is for nights where speed, impact and full-send rave energy are the whole point.",https://vibesdj.io/dj-tools/edm-genre-chart ; https://www.tempo-melodie.com/calculateur-bpm/
Hard Dance / Hardcore,Rawstyle,150,165,,"The darker, tougher side of hardstyle, with nastier kicks and less emphasis on euphoric melodies. This is for nights where speed, impact and full-send rave energy are the whole point.",https://vibesdj.io/dj-tools/edm-genre-chart ; https://www.tempo-melodie.com/calculateur-bpm/
Hard Dance / Hardcore,Euphoric Hardstyle,150,155,,"Hardstyle with soaring melodies and emotional breakdowns before the kicks slam back in. This is for nights where speed, impact and full-send rave energy are the whole point.",https://vibesdj.io/dj-tools/edm-genre-chart ; https://www.tempo-melodie.com/calculateur-bpm/
Hard Dance / Hardcore,Hard House,140,150,,"Fast, stompy and playful, with pumping basslines and a very direct party feel. This is for nights where speed, impact and full-send rave energy are the whole point.",https://vibesdj.io/dj-tools/edm-genre-chart ; https://www.tempo-melodie.com/calculateur-bpm/
Hard Dance / Hardcore,Frenchcore,190,220,Modern Frenchcore frequently sits around 190–220 BPM; older material can be slower.,"Very fast hardcore with pounding kicks, dramatic melodies and a surprisingly melodic streak. This is for nights where speed, impact and full-send rave energy are the whole point.",https://vibesdj.io/dj-tools/edm-genre-chart ; https://www.tempo-melodie.com/calculateur-bpm/
Hard Dance / Hardcore,Uptempo,185,220,Modern uptempo hardcore often pushes 185–220+ BPM.,"Hyper-aggressive hardcore where the kicks become a wall of sound and the pace barely lets up. This is for nights where speed, impact and full-send rave energy are the whole point.",https://vibesdj.io/dj-tools/edm-genre-chart ; https://www.tempo-melodie.com/calculateur-bpm/
Hard Dance / Hardcore,Terror / Terrorcore,200,300,Extremely fast; 200–300 BPM is a practical reference rather than a ceiling.,"Extreme hardcore built for sheer speed, distortion and shock-value intensity. This is for nights where speed, impact and full-send rave energy are the whole point.",https://vibesdj.io/dj-tools/edm-genre-chart ; https://www.tempo-melodie.com/calculateur-bpm/
Hard Dance / Hardcore,UK Hardcore,165,185,,"Fast, bright and ravey, mixing hard kicks with uplifting synths and classic UK rave energy. This is for nights where speed, impact and full-send rave energy are the whole point.",https://vibesdj.io/dj-tools/edm-genre-chart ; https://www.tempo-melodie.com/calculateur-bpm/
Hard Dance / Hardcore,Happy Hardcore,160,180,,"Speedy, cheerful and gloriously over-the-top, with cartoon-bright melodies and singalong hooks. This is for nights where speed, impact and full-send rave energy are the whole point.",https://vibesdj.io/dj-tools/edm-genre-chart ; https://www.tempo-melodie.com/calculateur-bpm/
Hard Dance / Hardcore,Jumpstyle,140,150,,"Bouncy hard dance built around a distinctive stomping rhythm made for jumping footwork. This is for nights where speed, impact and full-send rave energy are the whole point.",https://vibesdj.io/dj-tools/edm-genre-chart ; https://www.tempo-melodie.com/calculateur-bpm/
Hard Dance / Hardcore,Reverse Bass,150,155,,"Hardstyle-adjacent music driven by the punchy reverse-bass bounce under fast rave melodies. This is for nights where speed, impact and full-send rave energy are the whole point.",https://vibesdj.io/dj-tools/edm-genre-chart ; https://www.tempo-melodie.com/calculateur-bpm/
Hard Dance / Hardcore,Neo-Rave,145,165,Scene/crossover label rather than one strict production formula.,"A modern rave crossover full of fast tempos, old-school stabs, trancey leads and intentionally over-the-top energy. This is for nights where speed, impact and full-send rave energy are the whole point.",https://vibesdj.io/dj-tools/edm-genre-chart ; https://www.tempo-melodie.com/calculateur-bpm/
Hard Dance / Hardcore,Hard Trance,140,155,,"Trance melodies and builds with much harder kicks and a faster, tougher club feel. This is for nights where speed, impact and full-send rave energy are the whole point.",https://vibesdj.io/dj-tools/edm-genre-chart ; https://www.tempo-melodie.com/calculateur-bpm/
Hard Dance / Hardcore,Breakcore,160,220,Highly variable and can include tempo changes; 160–220 is a common fast-club band.,"Chaotic, hyperactive and unpredictable, with shredded breakbeats, sudden switches and extreme energy. This is for nights where speed, impact and full-send rave energy are the whole point.",https://vibesdj.io/dj-tools/edm-genre-chart ; https://www.tempo-melodie.com/calculateur-bpm/
Trance,Trance,128,150,,"Euphoric, emotional and expansive, built around long rises, driving rhythms and big melodic release. Choose it if you want emotional builds, big melodic release and a crowd that loves long journeys.",https://www.classictrance.com/glossary/trance-bpm ; https://bpmcalc.com/genres/trance/ ; https://vibesdj.io/dj-tools/edm-genre-chart
Trance,Main-Floor Trance,134,142,,"Straight-to-the-point club trance made for large rooms, balancing big melodies with driving energy. Choose it if you want emotional builds, big melodic release and a crowd that loves long journeys.",https://www.classictrance.com/glossary/trance-bpm ; https://bpmcalc.com/genres/trance/ ; https://vibesdj.io/dj-tools/edm-genre-chart
Trance,Uplifting Trance,136,142,,"Soaring, emotional and hands-in-the-air, with huge breakdowns and melodies built for catharsis. Choose it if you want emotional builds, big melodic release and a crowd that loves long journeys.",https://www.classictrance.com/glossary/trance-bpm ; https://bpmcalc.com/genres/trance/ ; https://vibesdj.io/dj-tools/edm-genre-chart
Trance,Progressive Trance,128,136,,"Deeper and more gradual, favoring long grooves and slowly evolving tension over instant payoff. Choose it if you want emotional builds, big melodic release and a crowd that loves long journeys.",https://www.classictrance.com/glossary/trance-bpm ; https://bpmcalc.com/genres/trance/ ; https://vibesdj.io/dj-tools/edm-genre-chart
Trance,Raw Trance,138,148,Contemporary scene label; generally faster and tougher than progressive/main-floor trance.,"A tougher, less polished modern trance sound with ravey leads, heavier drums and underground edge. Choose it if you want emotional builds, big melodic release and a crowd that loves long journeys.",https://www.classictrance.com/glossary/trance-bpm ; https://bpmcalc.com/genres/trance/ ; https://vibesdj.io/dj-tools/edm-genre-chart
Trance,Deep Trance,126,136,Scene label with fuzzy boundaries; usually slower and more restrained than uplifting trance.,"Warm, restrained and hypnotic, focusing on flow and atmosphere rather than giant supersaw peaks. Choose it if you want emotional builds, big melodic release and a crowd that loves long journeys.",https://www.classictrance.com/glossary/trance-bpm ; https://bpmcalc.com/genres/trance/ ; https://vibesdj.io/dj-tools/edm-genre-chart
Trance,Hypnotic Trance,128,140,Scene label; tempo overlaps progressive and tech trance.,"Loop-driven and trance-inducing, with repetitive melodies and subtle evolution keeping you locked in. Choose it if you want emotional builds, big melodic release and a crowd that loves long journeys.",https://www.classictrance.com/glossary/trance-bpm ; https://bpmcalc.com/genres/trance/ ; https://vibesdj.io/dj-tools/edm-genre-chart
Trance,Tech Trance,134,145,,"Trance emotion with harder, more percussive techno-style drums and a darker club focus. Choose it if you want emotional builds, big melodic release and a crowd that loves long journeys.",https://www.classictrance.com/glossary/trance-bpm ; https://bpmcalc.com/genres/trance/ ; https://vibesdj.io/dj-tools/edm-genre-chart
Trance,Vocal Trance,132,140,,"Trance built around a singer and an emotional hook, pairing pop-level melodies with huge club builds. Choose it if you want emotional builds, big melodic release and a crowd that loves long journeys.",https://www.classictrance.com/glossary/trance-bpm ; https://bpmcalc.com/genres/trance/ ; https://vibesdj.io/dj-tools/edm-genre-chart
Trance,Acid Trance,135,145,,"Trance with twisting acid lines and a psychedelic edge, usually more driving and raw than vocal styles. Choose it if you want emotional builds, big melodic release and a crowd that loves long journeys.",https://www.classictrance.com/glossary/trance-bpm ; https://bpmcalc.com/genres/trance/ ; https://vibesdj.io/dj-tools/edm-genre-chart
Trance,Hard Trance,140,155,,"Trance melodies and builds with much harder kicks and a faster, tougher club feel. Choose it if you want emotional builds, big melodic release and a crowd that loves long journeys.",https://www.classictrance.com/glossary/trance-bpm ; https://bpmcalc.com/genres/trance/ ; https://vibesdj.io/dj-tools/edm-genre-chart
Psy-Trance,Psytrance,138,150,,"Fast, rolling and psychedelic, with constant motion and strange sound design pulling you into a tunnel-like groove. Best for listeners who want fast, hypnotic music with a psychedelic, immersive atmosphere.",https://vibesdj.io/dj-tools/what-bpm-is-psytrance ; https://psytrancehub.link/subgenres ; https://maximschunk.com/news/psytrance-explained-guide
Psy-Trance,Progressive Psy,130,140,,"The groovier, more spacious side of psytrance, with slower builds and a hypnotic rather than frantic feel. Best for listeners who want fast, hypnotic music with a psychedelic, immersive atmosphere.",https://vibesdj.io/dj-tools/what-bpm-is-psytrance ; https://psytrancehub.link/subgenres ; https://maximschunk.com/news/psytrance-explained-guide
Psy-Trance,Goa Trance,138,150,,"The classic psychedelic sound: layered acid lines, cosmic melodies and a distinctly 90s trance spirit. Best for listeners who want fast, hypnotic music with a psychedelic, immersive atmosphere.",https://vibesdj.io/dj-tools/what-bpm-is-psytrance ; https://psytrancehub.link/subgenres ; https://maximschunk.com/news/psytrance-explained-guide
Psy-Trance,Full-On,140,148,,"Bright, energetic festival psytrance with busy rolling basslines, big leads and almost nonstop forward drive. Best for listeners who want fast, hypnotic music with a psychedelic, immersive atmosphere.",https://vibesdj.io/dj-tools/what-bpm-is-psytrance ; https://psytrancehub.link/subgenres ; https://maximschunk.com/news/psytrance-explained-guide
Psy-Trance,Darkpsy,148,160,,"Colder, heavier and more unsettling, with dissonant sounds and relentless nighttime intensity. Best for listeners who want fast, hypnotic music with a psychedelic, immersive atmosphere.",https://vibesdj.io/dj-tools/what-bpm-is-psytrance ; https://psytrancehub.link/subgenres ; https://maximschunk.com/news/psytrance-explained-guide
Psy-Trance,Forest Psy,145,160,,"Murky, organic and twisted, using dense textures and strange percussion to create a deep woodland-psychedelic feel. Best for listeners who want fast, hypnotic music with a psychedelic, immersive atmosphere.",https://vibesdj.io/dj-tools/what-bpm-is-psytrance ; https://psytrancehub.link/subgenres ; https://maximschunk.com/news/psytrance-explained-guide
Psy-Trance,Psychedelic,138,155,Generic psy tag; use a more specific psy subgenre where possible.,"A broad psy tag leaning heavily into surreal sound design, repetition and mind-bending atmosphere. Best for listeners who want fast, hypnotic music with a psychedelic, immersive atmosphere.",https://vibesdj.io/dj-tools/what-bpm-is-psytrance ; https://psytrancehub.link/subgenres ; https://maximschunk.com/news/psytrance-explained-guide
Psy-Trance,Psycore,180,300,"No hard upper boundary; many tracks cluster around 180–240 BPM, with extremes well above 300.","An extreme-speed psychedelic style where normal trance energy turns into a blur of hyper-detailed sound. Best for listeners who want fast, hypnotic music with a psychedelic, immersive atmosphere.",https://vibesdj.io/dj-tools/what-bpm-is-psytrance ; https://psytrancehub.link/subgenres ; https://maximschunk.com/news/psytrance-explained-guide
Psy-Trance,Hi-Tech Psy,170,220,Typically 170–220 BPM; some material extends higher.,"Ultra-fast and highly technical psytrance, full of glitchy details, rapid shifts and relentless momentum. Best for listeners who want fast, hypnotic music with a psychedelic, immersive atmosphere.",https://vibesdj.io/dj-tools/what-bpm-is-psytrance ; https://psytrancehub.link/subgenres ; https://maximschunk.com/news/psytrance-explained-guide
Psy-Trance,Psy-Tech,132,145,,"A middle ground between techno and psytrance, pairing cleaner club grooves with psychedelic bass and effects. Best for listeners who want fast, hypnotic music with a psychedelic, immersive atmosphere.",https://vibesdj.io/dj-tools/what-bpm-is-psytrance ; https://psytrancehub.link/subgenres ; https://maximschunk.com/news/psytrance-explained-guide
Drum & Bass,Drum & Bass,160,180,,"Fast breakbeats and deep bass with huge range—from smooth and soulful to dark and brutal. Ideal if you want rapid drums, heavy bass and a crowd with constant kinetic energy.",https://bpmcalc.com/genres/drum-and-bass/ ; https://vibesdj.io/dj-tools/edm-genre-chart
Drum & Bass,Liquid DnB,170,176,,"Smooth, emotional DnB with lush pads, soulful vocals and a lighter, flowing feel. Ideal if you want rapid drums, heavy bass and a crowd with constant kinetic energy.",https://bpmcalc.com/genres/drum-and-bass/ ; https://vibesdj.io/dj-tools/edm-genre-chart
Drum & Bass,Liquid Funk,168,176,,"The funkier, jazzier side of liquid, with warm basslines, musical samples and upbeat groove. Ideal if you want rapid drums, heavy bass and a crowd with constant kinetic energy.",https://bpmcalc.com/genres/drum-and-bass/ ; https://vibesdj.io/dj-tools/edm-genre-chart
Drum & Bass,Dancefloor,172,176,,"Big, polished and festival-ready DnB with dramatic builds, strong melodies and massive drops. Ideal if you want rapid drums, heavy bass and a crowd with constant kinetic energy.",https://bpmcalc.com/genres/drum-and-bass/ ; https://vibesdj.io/dj-tools/edm-genre-chart
Drum & Bass,Neurofunk,174,180,,"Dark, technical and futuristic, built around complex bass sound design and tightly engineered drums. Ideal if you want rapid drums, heavy bass and a crowd with constant kinetic energy.",https://bpmcalc.com/genres/drum-and-bass/ ; https://vibesdj.io/dj-tools/edm-genre-chart
Drum & Bass,Jump-Up,170,178,,"Rowdy, bouncy DnB made for instant crowd reaction, usually with simple hooks and huge bassline switches. Ideal if you want rapid drums, heavy bass and a crowd with constant kinetic energy.",https://bpmcalc.com/genres/drum-and-bass/ ; https://vibesdj.io/dj-tools/edm-genre-chart
Drum & Bass,Rollers,170,176,,"Steady, rolling DnB that keeps the floor moving through groove and bass rather than flashy drops. Ideal if you want rapid drums, heavy bass and a crowd with constant kinetic energy.",https://bpmcalc.com/genres/drum-and-bass/ ; https://vibesdj.io/dj-tools/edm-genre-chart
Drum & Bass,Techstep,168,178,,"Cold, futuristic and tough, with mechanical drums and a stripped, techno-influenced mood. Ideal if you want rapid drums, heavy bass and a crowd with constant kinetic energy.",https://bpmcalc.com/genres/drum-and-bass/ ; https://vibesdj.io/dj-tools/edm-genre-chart
Drum & Bass,Darkstep,170,180,,"Heavy, ominous DnB with aggressive breaks, dark atmospheres and an almost industrial edge. Ideal if you want rapid drums, heavy bass and a crowd with constant kinetic energy.",https://bpmcalc.com/genres/drum-and-bass/ ; https://vibesdj.io/dj-tools/edm-genre-chart
Drum & Bass,Deep DnB,168,176,,"Sub-heavy and understated, focused on dark space, rolling drums and subtle pressure. Ideal if you want rapid drums, heavy bass and a crowd with constant kinetic energy.",https://bpmcalc.com/genres/drum-and-bass/ ; https://vibesdj.io/dj-tools/edm-genre-chart
Drum & Bass,Minimal DnB,168,176,,"Sparse and precise, using lots of empty space so every drum hit and bass movement matters. Ideal if you want rapid drums, heavy bass and a crowd with constant kinetic energy.",https://bpmcalc.com/genres/drum-and-bass/ ; https://vibesdj.io/dj-tools/edm-genre-chart
Drum & Bass,Atmospheric DnB,165,175,,"Dreamy and cinematic, with pads, airy textures and fast drums creating a floating sense of motion. Ideal if you want rapid drums, heavy bass and a crowd with constant kinetic energy.",https://bpmcalc.com/genres/drum-and-bass/ ; https://vibesdj.io/dj-tools/edm-genre-chart
Drum & Bass,Soulful DnB,168,176,,"Warm and emotional DnB with vocals, chords and a strong soul or R&B influence. Ideal if you want rapid drums, heavy bass and a crowd with constant kinetic energy.",https://bpmcalc.com/genres/drum-and-bass/ ; https://vibesdj.io/dj-tools/edm-genre-chart
Drum & Bass,Jazz DnB,165,175,,"Fast breakbeats mixed with jazz harmony, live-sounding instruments and a more musical, improvisatory feel. Ideal if you want rapid drums, heavy bass and a crowd with constant kinetic energy.",https://bpmcalc.com/genres/drum-and-bass/ ; https://vibesdj.io/dj-tools/edm-genre-chart
Drum & Bass,Drumfunk,170,178,,"A drummer’s version of DnB: obsessively chopped breakbeats, intricate edits and rhythm at the center. Ideal if you want rapid drums, heavy bass and a crowd with constant kinetic energy.",https://bpmcalc.com/genres/drum-and-bass/ ; https://vibesdj.io/dj-tools/edm-genre-chart
Drum & Bass,Halftime,160,180,Usually produced on a DnB grid around 160–180 BPM but perceived at half-time.,"DnB-speed music that feels much slower because the drums hit in half-time, leaving enormous space for bass. Ideal if you want rapid drums, heavy bass and a crowd with constant kinetic energy.",https://bpmcalc.com/genres/drum-and-bass/ ; https://vibesdj.io/dj-tools/edm-genre-chart
Drum & Bass,Jungle,160,175,,"Rawer and more breakbeat-heavy than modern DnB, with chopped Amens, reggae influence and old-school rave energy. Ideal if you want rapid drums, heavy bass and a crowd with constant kinetic energy.",https://bpmcalc.com/genres/drum-and-bass/ ; https://vibesdj.io/dj-tools/edm-genre-chart
Dubstep / 140,Dubstep,138,142,,"Heavy, spacious bass music with a half-time feel, huge low end and lots of room between the drums. Go for this if you want bass you can physically feel and a slower, heavier head-nod despite the fast grid.",https://bpmcalc.com/genres/dubstep/ ; https://ozgymusic.com/articles/electronic-music-genres-by-bpm ; https://muzeme.io/genre-guides/garage-and-bass
Dubstep / 140,Deep Dubstep,138,142,,"Dark, meditative and sub-focused, where atmosphere and sound-system weight matter more than flashy drops. Go for this if you want bass you can physically feel and a slower, heavier head-nod despite the fast grid.",https://bpmcalc.com/genres/dubstep/ ; https://ozgymusic.com/articles/electronic-music-genres-by-bpm ; https://muzeme.io/genre-guides/garage-and-bass
Dubstep / 140,140,138,142,Scene shorthand for bass music centered around 140 BPM.,"The broader underground 140-BPM bass zone: dubstep, grime and adjacent sounds built around space and sub pressure. Go for this if you want bass you can physically feel and a slower, heavier head-nod despite the fast grid.",https://bpmcalc.com/genres/dubstep/ ; https://ozgymusic.com/articles/electronic-music-genres-by-bpm ; https://muzeme.io/genre-guides/garage-and-bass
Dubstep / 140,UK Dubstep,138,142,,"The original London-rooted sound—minimal, dark, dubby and designed to be felt through a serious sound system. Go for this if you want bass you can physically feel and a slower, heavier head-nod despite the fast grid.",https://bpmcalc.com/genres/dubstep/ ; https://ozgymusic.com/articles/electronic-music-genres-by-bpm ; https://muzeme.io/genre-guides/garage-and-bass
Dubstep / 140,Brostep,140,150,,"The loud, aggressive side of dubstep, with screaming midrange basses and giant festival-style drops. Go for this if you want bass you can physically feel and a slower, heavier head-nod despite the fast grid.",https://bpmcalc.com/genres/dubstep/ ; https://ozgymusic.com/articles/electronic-music-genres-by-bpm ; https://muzeme.io/genre-guides/garage-and-bass
Dubstep / 140,Riddim,140,150,,"Minimal but brutally heavy dubstep built around repetitive bass patterns that hit with a head-nodding groove. Go for this if you want bass you can physically feel and a slower, heavier head-nod despite the fast grid.",https://bpmcalc.com/genres/dubstep/ ; https://ozgymusic.com/articles/electronic-music-genres-by-bpm ; https://muzeme.io/genre-guides/garage-and-bass
Dubstep / 140,Tearout,140,150,,"A more violent, distorted branch of dubstep where the drops are designed to sound almost physically destructive. Go for this if you want bass you can physically feel and a slower, heavier head-nod despite the fast grid.",https://bpmcalc.com/genres/dubstep/ ; https://ozgymusic.com/articles/electronic-music-genres-by-bpm ; https://muzeme.io/genre-guides/garage-and-bass
Dubstep / 140,Wobble,138,145,,"Dubstep centered on the classic modulated wobble bass, usually playful, chunky and instantly recognizable. Go for this if you want bass you can physically feel and a slower, heavier head-nod despite the fast grid.",https://bpmcalc.com/genres/dubstep/ ; https://ozgymusic.com/articles/electronic-music-genres-by-bpm ; https://muzeme.io/genre-guides/garage-and-bass
Dubstep / 140,Melodic Dubstep,138,150,,"Big bass drops softened by emotional chords, vocals and soaring melodies. Go for this if you want bass you can physically feel and a slower, heavier head-nod despite the fast grid.",https://bpmcalc.com/genres/dubstep/ ; https://ozgymusic.com/articles/electronic-music-genres-by-bpm ; https://muzeme.io/genre-guides/garage-and-bass
Dubstep / 140,Midtempo,90,115,"Usually perceived/written around 90–115 BPM, unlike 140 dubstep.","Slow, stomping bass music with industrial weight and a dark, cinematic swagger. Go for this if you want bass you can physically feel and a slower, heavier head-nod despite the fast grid.",https://bpmcalc.com/genres/dubstep/ ; https://ozgymusic.com/articles/electronic-music-genres-by-bpm ; https://muzeme.io/genre-guides/garage-and-bass
Dubstep / 140,Grime,135,145,Typically centered very close to 140 BPM.,"Sparse, icy and aggressive UK music built for MCs, sharp synths and a locked 140-BPM energy. Go for this if you want bass you can physically feel and a slower, heavier head-nod despite the fast grid.",https://bpmcalc.com/genres/dubstep/ ; https://ozgymusic.com/articles/electronic-music-genres-by-bpm ; https://muzeme.io/genre-guides/garage-and-bass
Dubstep / 140,Instrumental Grime,138,145,,"Grime without the MC focus, letting strange synths, square-wave bass and skeletal drums take center stage. Go for this if you want bass you can physically feel and a slower, heavier head-nod despite the fast grid.",https://bpmcalc.com/genres/dubstep/ ; https://ozgymusic.com/articles/electronic-music-genres-by-bpm ; https://muzeme.io/genre-guides/garage-and-bass
UK Garage / Bassline,UK Garage,128,138,,"Fast, bouncy and full of swing, with skippy drums, chopped vocals and elastic basslines. A great pick if you like lively, bouncy dancefloors with swing and vocal energy.",https://bpmcalc.com/genres/garage/ ; https://se7enbeatlab.com/bpm/uk-garage/ ; https://orphiq.com/resources/what-is-uk-garage
UK Garage / Bassline,2-Step,128,135,,"The signature UKG shuffle: syncopated kicks leave gaps that make the groove feel light, sexy and restless. A great pick if you like lively, bouncy dancefloors with swing and vocal energy.",https://bpmcalc.com/genres/garage/ ; https://se7enbeatlab.com/bpm/uk-garage/ ; https://orphiq.com/resources/what-is-uk-garage
UK Garage / Bassline,Speed Garage,130,140,,"A harder, more bass-heavy garage sound with four-on-the-floor drive and big Reese-style basslines. A great pick if you like lively, bouncy dancefloors with swing and vocal energy.",https://bpmcalc.com/genres/garage/ ; https://se7enbeatlab.com/bpm/uk-garage/ ; https://orphiq.com/resources/what-is-uk-garage
UK Garage / Bassline,Bassline,134,142,,"Northern UK club music with 4x4 drums and huge wobbling bass, made for rowdy high-energy floors. A great pick if you like lively, bouncy dancefloors with swing and vocal energy.",https://bpmcalc.com/genres/garage/ ; https://se7enbeatlab.com/bpm/uk-garage/ ; https://orphiq.com/resources/what-is-uk-garage
UK Garage / Bassline,4x4 Garage,130,138,,"Garage swing and vocals over a straight house-like kick, giving the style a more driving club feel. A great pick if you like lively, bouncy dancefloors with swing and vocal energy.",https://bpmcalc.com/genres/garage/ ; https://se7enbeatlab.com/bpm/uk-garage/ ; https://orphiq.com/resources/what-is-uk-garage
UK Garage / Bassline,Future Garage,128,140,,"Atmospheric and emotional garage with ghostly vocals, deep sub-bass and lots of space. A great pick if you like lively, bouncy dancefloors with swing and vocal energy.",https://bpmcalc.com/genres/garage/ ; https://se7enbeatlab.com/bpm/uk-garage/ ; https://orphiq.com/resources/what-is-uk-garage
UK Garage / Bassline,Dark Garage,128,138,,"Moodier UKG with darker chords, heavier bass and a nocturnal edge. A great pick if you like lively, bouncy dancefloors with swing and vocal energy.",https://bpmcalc.com/genres/garage/ ; https://se7enbeatlab.com/bpm/uk-garage/ ; https://orphiq.com/resources/what-is-uk-garage
UK Garage / Bassline,UK Funky,125,135,,"Percussive, colorful UK club music mixing house/garage energy with Afro-Caribbean rhythmic influence. A great pick if you like lively, bouncy dancefloors with swing and vocal energy.",https://bpmcalc.com/genres/garage/ ; https://se7enbeatlab.com/bpm/uk-garage/ ; https://orphiq.com/resources/what-is-uk-garage
Breaks / Breakbeat,Breakbeat,120,140,,"Broken-beat dance music with syncopated drums, sitting between rave, funk and bass culture. Perfect if straight four-on-the-floor feels too predictable and you want more rhythmic bounce.",https://vibesdj.io/dj-tools/edm-genre-chart ; https://muzeme.io/genre-guides/garage-and-bass
Breaks / Breakbeat,Breaks,125,140,,"A club-focused breakbeat sound: punchy, driving and more rhythmically jagged than house or techno. Perfect if straight four-on-the-floor feels too predictable and you want more rhythmic bounce.",https://vibesdj.io/dj-tools/edm-genre-chart ; https://muzeme.io/genre-guides/garage-and-bass
Breaks / Breakbeat,Progressive Breaks,128,138,,"Long-form, melodic breaks with gradual builds and a cinematic, journey-like feel. Perfect if straight four-on-the-floor feels too predictable and you want more rhythmic bounce.",https://vibesdj.io/dj-tools/edm-genre-chart ; https://muzeme.io/genre-guides/garage-and-bass
Breaks / Breakbeat,Nu-Skool Breaks,125,138,,"Tougher, bassier breaks with sharper production and a distinctly 2000s club attitude. Perfect if straight four-on-the-floor feels too predictable and you want more rhythmic bounce.",https://vibesdj.io/dj-tools/edm-genre-chart ; https://muzeme.io/genre-guides/garage-and-bass
Breaks / Breakbeat,Acid Breaks,125,140,,Breakbeats energized by squelchy acid basslines and a raw rave feel. Perfect if straight four-on-the-floor feels too predictable and you want more rhythmic bounce.,https://vibesdj.io/dj-tools/edm-genre-chart ; https://muzeme.io/genre-guides/garage-and-bass
Breaks / Breakbeat,Electro Breaks,125,140,,"Broken beats with robotic electro basslines, sharp synths and futuristic machine-funk energy. Perfect if straight four-on-the-floor feels too predictable and you want more rhythmic bounce.",https://vibesdj.io/dj-tools/edm-genre-chart ; https://muzeme.io/genre-guides/garage-and-bass
Breaks / Breakbeat,Big Beat,110,140,,"Loud, sample-heavy and rock-influenced breakbeat with huge drums and a very 90s festival swagger. Perfect if straight four-on-the-floor feels too predictable and you want more rhythmic bounce.",https://vibesdj.io/dj-tools/edm-genre-chart ; https://muzeme.io/genre-guides/garage-and-bass
Breaks / Breakbeat,Funky Breaks,120,135,,"Breakbeat with funk samples, upbeat basslines and a looser party groove. Perfect if straight four-on-the-floor feels too predictable and you want more rhythmic bounce.",https://vibesdj.io/dj-tools/edm-genre-chart ; https://muzeme.io/genre-guides/garage-and-bass
Breaks / Breakbeat,Glitch Hop,90,115,,"Slow, funky bass music packed with chopped edits, digital glitches and hip-hop-influenced swing. Perfect if straight four-on-the-floor feels too predictable and you want more rhythmic bounce.",https://vibesdj.io/dj-tools/edm-genre-chart ; https://muzeme.io/genre-guides/garage-and-bass
Bass / Club,UK Bass,130,140,,"A flexible UK club sound that blends garage, dubstep, breaks and house without committing fully to one. Best for adventurous club nights where rhythm and bass matter more than tidy genre boundaries.",https://vibesdj.io/dj-tools/edm-genre-chart ; https://ozgymusic.com/articles/electronic-music-genres-by-bpm
Bass / Club,Bass Music,130,150,,A broad bass-first tag for club music where sub pressure and sound design matter more than one fixed rhythm. Best for adventurous club nights where rhythm and bass matter more than tidy genre boundaries.,https://vibesdj.io/dj-tools/edm-genre-chart ; https://ozgymusic.com/articles/electronic-music-genres-by-bpm
Bass / Club,Leftfield Bass,90,150,Very broad umbrella; use the specific event or artist context where possible.,"Bass music for adventurous listeners—strange rhythms, unusual textures and less predictable drops. Best for adventurous club nights where rhythm and bass matter more than tidy genre boundaries.",https://vibesdj.io/dj-tools/edm-genre-chart ; https://ozgymusic.com/articles/electronic-music-genres-by-bpm
Bass / Club,Hard Drum,125,140,,"Percussion-first club music with tough, syncopated drums and a stripped, high-pressure feel. Best for adventurous club nights where rhythm and bass matter more than tidy genre boundaries.",https://vibesdj.io/dj-tools/edm-genre-chart ; https://ozgymusic.com/articles/electronic-music-genres-by-bpm
Bass / Club,Deconstructed Club,100,150,Deliberately resists fixed rhythmic conventions; this is a practical club-facing range.,"Club music pulled apart and rebuilt into something jagged, futuristic and intentionally unpredictable. Best for adventurous club nights where rhythm and bass matter more than tidy genre boundaries.",https://vibesdj.io/dj-tools/edm-genre-chart ; https://ozgymusic.com/articles/electronic-music-genres-by-bpm
Bass / Club,Broken Club,120,145,,Rhythmically fractured club music that keeps dancefloor energy while avoiding a straight obvious groove. Best for adventurous club nights where rhythm and bass matter more than tidy genre boundaries.,https://vibesdj.io/dj-tools/edm-genre-chart ; https://ozgymusic.com/articles/electronic-music-genres-by-bpm
Bass / Club,Experimental Bass,80,150,Can sit well outside this range; tempo is secondary to sound design.,Bass-heavy electronic music where unusual sound design and structure matter more than genre rules. Best for adventurous club nights where rhythm and bass matter more than tidy genre boundaries.,https://vibesdj.io/dj-tools/edm-genre-chart ; https://ozgymusic.com/articles/electronic-music-genres-by-bpm
Bass / Club,Jersey Club,130,145,,"Fast, playful and chopped-up club music with punchy kicks, vocal cuts and a hyperactive bounce. Best for adventurous club nights where rhythm and bass matter more than tidy genre boundaries.",https://vibesdj.io/dj-tools/edm-genre-chart ; https://ozgymusic.com/articles/electronic-music-genres-by-bpm
Bass / Club,Baltimore Club,130,140,,"Raw, repetitive and party-driven, built from chopped samples and fast stomping breakbeat patterns. Best for adventurous club nights where rhythm and bass matter more than tidy genre boundaries.",https://vibesdj.io/dj-tools/edm-genre-chart ; https://ozgymusic.com/articles/electronic-music-genres-by-bpm
Bass / Club,Footwork,150,165,,"Ultra-fast Chicago dance music with skittering drums, chopped vocals and battle-ready rhythmic intensity. Best for adventurous club nights where rhythm and bass matter more than tidy genre boundaries.",https://vibesdj.io/dj-tools/edm-genre-chart ; https://ozgymusic.com/articles/electronic-music-genres-by-bpm
Bass / Club,Juke,150,160,,"A rawer, groove-heavy Chicago cousin of footwork, built for dancers and rapid-fire rhythmic movement. Best for adventurous club nights where rhythm and bass matter more than tidy genre boundaries.",https://vibesdj.io/dj-tools/edm-genre-chart ; https://ozgymusic.com/articles/electronic-music-genres-by-bpm
Bass / Club,Global Club,100,150,Intentionally broad; local scenes vary widely in tempo.,"A catch-all for modern club sounds shaped by local scenes around the world—rhythmic, hybrid and hard to box in. Best for adventurous club nights where rhythm and bass matter more than tidy genre boundaries.",https://vibesdj.io/dj-tools/edm-genre-chart ; https://ozgymusic.com/articles/electronic-music-genres-by-bpm
Bass / Club,Gqom,120,130,,"Dark, spacious South African club music with heavy drums, ominous bass and a tense hypnotic swing. Best for adventurous club nights where rhythm and bass matter more than tidy genre boundaries.",https://vibesdj.io/dj-tools/edm-genre-chart ; https://ozgymusic.com/articles/electronic-music-genres-by-bpm
Bass / Club,UK Funky,125,135,,"Percussive, colorful UK club music mixing house/garage energy with Afro-Caribbean rhythmic influence. Best for adventurous club nights where rhythm and bass matter more than tidy genre boundaries.",https://vibesdj.io/dj-tools/edm-genre-chart ; https://ozgymusic.com/articles/electronic-music-genres-by-bpm
Trap / Future Bass,EDM Trap,135,160,Frequently written/detected at 140–160 BPM but felt around 70–80 BPM.,"Festival bass music with hip-hop-inspired drums, huge subs and dramatic half-time drops. Pick it for dramatic bass drops, emotional peaks and a more cinematic festival feel.",https://se7enbeatlab.com/bpm/future-bass/ ; https://ozgymusic.com/articles/electronic-music-genres-by-bpm ; https://vibesdj.io/dj-tools/edm-genre-chart
Trap / Future Bass,Hybrid Trap,140,150,,"Trap fused with dubstep-level sound design, making the drops heavier, more metallic and aggressive. Pick it for dramatic bass drops, emotional peaks and a more cinematic festival feel.",https://se7enbeatlab.com/bpm/future-bass/ ; https://ozgymusic.com/articles/electronic-music-genres-by-bpm ; https://vibesdj.io/dj-tools/edm-genre-chart
Trap / Future Bass,Festival Trap,140,150,,"Big, simple and explosive trap built for giant stages, crowd chants and huge drop moments. Pick it for dramatic bass drops, emotional peaks and a more cinematic festival feel.",https://se7enbeatlab.com/bpm/future-bass/ ; https://ozgymusic.com/articles/electronic-music-genres-by-bpm ; https://vibesdj.io/dj-tools/edm-genre-chart
Trap / Future Bass,Future Bass,140,160,Usually written at double-time 140–160 BPM and felt around 70–80 BPM.,"Emotional, glossy bass music with bright synth chords, vocal chops and big half-time drops. Pick it for dramatic bass drops, emotional peaks and a more cinematic festival feel.",https://se7enbeatlab.com/bpm/future-bass/ ; https://ozgymusic.com/articles/electronic-music-genres-by-bpm ; https://vibesdj.io/dj-tools/edm-genre-chart
Trap / Future Bass,Wave,70,90,Often written around 70–90 BPM or detected at double-time around 140–180.,"Dark, dreamy and cinematic, combining trap-style drums with huge atmosphere and melancholy melodies. Pick it for dramatic bass drops, emotional peaks and a more cinematic festival feel.",https://se7enbeatlab.com/bpm/future-bass/ ; https://ozgymusic.com/articles/electronic-music-genres-by-bpm ; https://vibesdj.io/dj-tools/edm-genre-chart
Trap / Future Bass,Hardwave,130,160,,"Wave pushed harder and faster, with more aggressive drums, trancey leads and peak-time energy. Pick it for dramatic bass drops, emotional peaks and a more cinematic festival feel.",https://se7enbeatlab.com/bpm/future-bass/ ; https://ozgymusic.com/articles/electronic-music-genres-by-bpm ; https://vibesdj.io/dj-tools/edm-genre-chart
Trap / Future Bass,Melodic Bass,130,160,May be written at half-time or double-time; this is the common EDM project-tempo range.,"Emotional festival bass built around vocals, cinematic chords and dramatic drops rather than pure aggression. Pick it for dramatic bass drops, emotional peaks and a more cinematic festival feel.",https://se7enbeatlab.com/bpm/future-bass/ ; https://ozgymusic.com/articles/electronic-music-genres-by-bpm ; https://vibesdj.io/dj-tools/edm-genre-chart
Electro,Electro,120,140,,"Robotic, funky and futuristic, driven by syncopated drum machines and sharp synthetic bass. Great for people who like machine-funk, breakbeats and a cool retro-futurist club aesthetic.",https://www.mixgraph.io/bpm-for/electro ; https://sonaa.ca/en/styles/electro/electro/ ; https://sonaa.ca/en/styles/electro/detroit-electro/
Electro,Detroit Electro,125,140,,"Cold sci-fi machine funk with precise drums, aquatic synths and a strong Detroit futurist identity. Great for people who like machine-funk, breakbeats and a cool retro-futurist club aesthetic.",https://www.mixgraph.io/bpm-for/electro ; https://sonaa.ca/en/styles/electro/electro/ ; https://sonaa.ca/en/styles/electro/detroit-electro/
Electro,Electro-Funk,110,130,,"The funkier, more old-school side of electro, with talkbox/vocoder flavor, 808s and boogie influence. Great for people who like machine-funk, breakbeats and a cool retro-futurist club aesthetic.",https://www.mixgraph.io/bpm-for/electro ; https://sonaa.ca/en/styles/electro/electro/ ; https://sonaa.ca/en/styles/electro/detroit-electro/
Electro,Modern Electro,125,140,,"A cleaner, harder contemporary update of electro’s robotic drums and futuristic synth language. Great for people who like machine-funk, breakbeats and a cool retro-futurist club aesthetic.",https://www.mixgraph.io/bpm-for/electro ; https://sonaa.ca/en/styles/electro/electro/ ; https://sonaa.ca/en/styles/electro/detroit-electro/
Electro,Acid Electro,125,140,,"Electro rhythms with squelchy acid basslines, making the machine-funk feel more twisted and psychedelic. Great for people who like machine-funk, breakbeats and a cool retro-futurist club aesthetic.",https://www.mixgraph.io/bpm-for/electro ; https://sonaa.ca/en/styles/electro/electro/ ; https://sonaa.ca/en/styles/electro/detroit-electro/
Electro,Techno-Electro,128,142,,"A clubby crossover where electro’s broken drums meet the pressure and darkness of techno. Great for people who like machine-funk, breakbeats and a cool retro-futurist club aesthetic.",https://www.mixgraph.io/bpm-for/electro ; https://sonaa.ca/en/styles/electro/electro/ ; https://sonaa.ca/en/styles/electro/detroit-electro/
Electro,Electro Breaks,125,140,,"Broken beats with robotic electro basslines, sharp synths and futuristic machine-funk energy. Great for people who like machine-funk, breakbeats and a cool retro-futurist club aesthetic.",https://www.mixgraph.io/bpm-for/electro ; https://sonaa.ca/en/styles/electro/electro/ ; https://sonaa.ca/en/styles/electro/detroit-electro/
EBM / Industrial,EBM,115,140,,"Stomping, mechanical body music with sequenced basslines, shouted vocals and a militaristic club pulse. Choose it for darker rooms, harder edges and a crowd that likes music to feel physical and mechanical.",https://aphelion.music/thump ; https://www.beatkey.app/how-to-make-industrial-music ; https://vibesdj.io/dj-tools/edm-genre-chart
EBM / Industrial,Industrial,80,140,,"Dark machine music built from noise, repetition and abrasive textures; it can be danceable or completely confrontational. Choose it for darker rooms, harder edges and a crowd that likes music to feel physical and mechanical.",https://aphelion.music/thump ; https://www.beatkey.app/how-to-make-industrial-music ; https://vibesdj.io/dj-tools/edm-genre-chart
EBM / Industrial,Electro-Industrial,100,125,,"Industrial’s colder electronic branch, with dense sampling, synthetic percussion and dystopian atmosphere. Choose it for darker rooms, harder edges and a crowd that likes music to feel physical and mechanical.",https://aphelion.music/thump ; https://www.beatkey.app/how-to-make-industrial-music ; https://vibesdj.io/dj-tools/edm-genre-chart
EBM / Industrial,Dark Electro,90,115,,"Slower, moodier electro-industrial with ominous synths and a gothic cinematic edge. Choose it for darker rooms, harder edges and a crowd that likes music to feel physical and mechanical.",https://aphelion.music/thump ; https://www.beatkey.app/how-to-make-industrial-music ; https://vibesdj.io/dj-tools/edm-genre-chart
EBM / Industrial,New Beat,98,118,,"Slow, strange Belgian club music with EBM DNA, sleazy basslines and a deliberately druggy crawl. Choose it for darker rooms, harder edges and a crowd that likes music to feel physical and mechanical.",https://aphelion.music/thump ; https://www.beatkey.app/how-to-make-industrial-music ; https://vibesdj.io/dj-tools/edm-genre-chart
EBM / Industrial,Rhythmic Noise,125,175,,"Industrial noise organized into punishing dancefloor rhythm—harsh, physical and hypnotic. Choose it for darker rooms, harder edges and a crowd that likes music to feel physical and mechanical.",https://aphelion.music/thump ; https://www.beatkey.app/how-to-make-industrial-music ; https://vibesdj.io/dj-tools/edm-genre-chart
EBM / Industrial,Power Noise,130,160,,"A heavier, more pounding form of rhythmic noise with distorted kicks and very little softness. Choose it for darker rooms, harder edges and a crowd that likes music to feel physical and mechanical.",https://aphelion.music/thump ; https://www.beatkey.app/how-to-make-industrial-music ; https://vibesdj.io/dj-tools/edm-genre-chart
EBM / Industrial,Aggrotech,130,150,,"Fast, aggressive industrial club music with harsh vocals, big synths and a dramatic cyber-goth feel. Choose it for darker rooms, harder edges and a crowd that likes music to feel physical and mechanical.",https://aphelion.music/thump ; https://www.beatkey.app/how-to-make-industrial-music ; https://vibesdj.io/dj-tools/edm-genre-chart
EBM / Industrial,Body Music,115,140,,"A broader EBM-style tag for tough repetitive electronic music made to feel physical and direct. Choose it for darker rooms, harder edges and a crowd that likes music to feel physical and mechanical.",https://aphelion.music/thump ; https://www.beatkey.app/how-to-make-industrial-music ; https://vibesdj.io/dj-tools/edm-genre-chart
EBM / Industrial,electronic Post-Punk,100,135,,"Post-punk attitude with drum machines and synths: tense, angular, moody and danceable in a wiry way. Choose it for darker rooms, harder edges and a crowd that likes music to feel physical and mechanical.",https://aphelion.music/thump ; https://www.beatkey.app/how-to-make-industrial-music ; https://vibesdj.io/dj-tools/edm-genre-chart
EBM / Industrial,Industrial / Noise,60,140,Can be beatless; range reflects rhythmic industrial/noise rather than a strict rule.,"The harshest end of the spectrum, where distortion, texture and confrontation can matter more than conventional rhythm. Choose it for darker rooms, harder edges and a crowd that likes music to feel physical and mechanical.",https://aphelion.music/thump ; https://www.beatkey.app/how-to-make-industrial-music ; https://vibesdj.io/dj-tools/edm-genre-chart
Indie Dance,Indie Dance,105,125,,"Alternative-minded club music with disco, synth-pop and post-punk flavor, usually stylish rather than maximal. A strong fit if you want something stylish, alternative and danceable without sounding like standard EDM.",https://vibesdj.io/dj-tools/edm-genre-chart ; https://genre-ai.app/genre/nu-disco
Indie Dance,Dark Disco,105,125,,"Slow-burning, nocturnal disco with moody synths and a slightly sinister edge. A strong fit if you want something stylish, alternative and danceable without sounding like standard EDM.",https://vibesdj.io/dj-tools/edm-genre-chart ; https://genre-ai.app/genre/nu-disco
Indie Dance,Cosmic Dance,100,125,,"Spacey, psychedelic dance music with long grooves, retro synths and a dreamy sense of travel. A strong fit if you want something stylish, alternative and danceable without sounding like standard EDM.",https://vibesdj.io/dj-tools/edm-genre-chart ; https://genre-ai.app/genre/nu-disco
Indie Dance,Electronic Indie,95,125,,"Indie songwriting and attitude translated through synths, drum machines and dance production. A strong fit if you want something stylish, alternative and danceable without sounding like standard EDM.",https://vibesdj.io/dj-tools/edm-genre-chart ; https://genre-ai.app/genre/nu-disco
Indie Dance,Leftfield Dance,100,130,,"Dance music with unusual choices—odd textures, offbeat structures and a deliberately less commercial feel. A strong fit if you want something stylish, alternative and danceable without sounding like standard EDM.",https://vibesdj.io/dj-tools/edm-genre-chart ; https://genre-ai.app/genre/nu-disco
Indie Dance,New-Wave-influenced club music,105,130,,"Club music colored by 80s new wave: cool synths, detached vocals and a sleek, slightly aloof vibe. A strong fit if you want something stylish, alternative and danceable without sounding like standard EDM.",https://vibesdj.io/dj-tools/edm-genre-chart ; https://genre-ai.app/genre/nu-disco
Indie Dance,EBM crossover,115,135,,"Indie dance darkened by stomping EBM basslines and tougher, more mechanical rhythm. A strong fit if you want something stylish, alternative and danceable without sounding like standard EDM.",https://vibesdj.io/dj-tools/edm-genre-chart ; https://genre-ai.app/genre/nu-disco
Indie Dance,Nu-Disco crossover,108,125,,"Indie dance with warmer disco basslines, shiny synths and a more feel-good groove. A strong fit if you want something stylish, alternative and danceable without sounding like standard EDM.",https://vibesdj.io/dj-tools/edm-genre-chart ; https://genre-ai.app/genre/nu-disco
Indie Dance,Indie Tech,122,128,,"A clubby middle ground between tech house and indie dance, with quirky synths and a less conventional attitude. A strong fit if you want something stylish, alternative and danceable without sounding like standard EDM.",https://vibesdj.io/dj-tools/edm-genre-chart ; https://genre-ai.app/genre/nu-disco
Nu Disco / Disco,Disco,100,130,,"Funky, glamorous and joyful, with four-on-the-floor drums, big basslines, strings and soulful vocals. Ideal for a feel-good night with funk, glamour and a dancefloor that smiles as much as it sweats.",https://vibesdj.io/dj-tools/what-bpm-is-nu-disco ; https://bpmcalc.com/genres/disco/ ; https://genre-ai.app/genre/nu-disco
Nu Disco / Disco,Nu Disco,100,125,,"Modern disco with cleaner club production, glossy synths and a stylish retro-futurist feel. Ideal for a feel-good night with funk, glamour and a dancefloor that smiles as much as it sweats.",https://vibesdj.io/dj-tools/what-bpm-is-nu-disco ; https://bpmcalc.com/genres/disco/ ; https://genre-ai.app/genre/nu-disco
Nu Disco / Disco,Italo Disco,110,130,,"Romantic, synthetic and very 80s, with arpeggiated basslines, catchy melodies and European nightlife charm. Ideal for a feel-good night with funk, glamour and a dancefloor that smiles as much as it sweats.",https://vibesdj.io/dj-tools/what-bpm-is-nu-disco ; https://bpmcalc.com/genres/disco/ ; https://genre-ai.app/genre/nu-disco
Nu Disco / Disco,Space Disco,100,120,,"Disco turned cosmic, with sci-fi synths, long grooves and a futuristic retro atmosphere. Ideal for a feel-good night with funk, glamour and a dancefloor that smiles as much as it sweats.",https://vibesdj.io/dj-tools/what-bpm-is-nu-disco ; https://bpmcalc.com/genres/disco/ ; https://genre-ai.app/genre/nu-disco
Nu Disco / Disco,Cosmic Disco,95,120,,"Slower, stranger disco built for long journeys rather than instant hooks—psychedelic, warm and spacious. Ideal for a feel-good night with funk, glamour and a dancefloor that smiles as much as it sweats.",https://vibesdj.io/dj-tools/what-bpm-is-nu-disco ; https://bpmcalc.com/genres/disco/ ; https://genre-ai.app/genre/nu-disco
Nu Disco / Disco,Hi-NRG,130,150,,"Disco accelerated into a high-energy rush of octave basslines, big vocals and relentless four-on-the-floor drive. Ideal for a feel-good night with funk, glamour and a dancefloor that smiles as much as it sweats.",https://vibesdj.io/dj-tools/what-bpm-is-nu-disco ; https://bpmcalc.com/genres/disco/ ; https://genre-ai.app/genre/nu-disco
Nu Disco / Disco,French Touch,118,128,,"Filtered disco samples, pumping compression and effortless cool—the classic late-90s French club sound. Ideal for a feel-good night with funk, glamour and a dancefloor that smiles as much as it sweats.",https://vibesdj.io/dj-tools/what-bpm-is-nu-disco ; https://bpmcalc.com/genres/disco/ ; https://genre-ai.app/genre/nu-disco
Nu Disco / Disco,Disco House,118,128,,"Disco samples and funk basslines tightened into a house framework for a more club-ready groove. Ideal for a feel-good night with funk, glamour and a dancefloor that smiles as much as it sweats.",https://vibesdj.io/dj-tools/what-bpm-is-nu-disco ; https://bpmcalc.com/genres/disco/ ; https://genre-ai.app/genre/nu-disco
Nu Disco / Disco,electronic Funk / Soul crossover,100,125,,"Modern electronic production wrapped around funk and soul grooves, vocals and live-feeling musicianship. Ideal for a feel-good night with funk, glamour and a dancefloor that smiles as much as it sweats.",https://vibesdj.io/dj-tools/what-bpm-is-nu-disco ; https://bpmcalc.com/genres/disco/ ; https://genre-ai.app/genre/nu-disco
Mainstage / Commercial EDM,Mainstage,126,132,,"Big, polished festival music built around dramatic buildups, instantly readable drops and huge crowd moments. Choose this for huge hooks, dramatic drops and a crowd-friendly festival atmosphere.",https://underowl.net/en/genre/mainstage ; https://vibesdj.io/dj-tools/edm-genre-chart
Mainstage / Commercial EDM,Big Room,126,132,,"Minimal melodies, enormous kicks and giant drops engineered for stadium-sized spaces. Choose this for huge hooks, dramatic drops and a crowd-friendly festival atmosphere.",https://underowl.net/en/genre/mainstage ; https://vibesdj.io/dj-tools/edm-genre-chart
Mainstage / Commercial EDM,Electro House,126,132,,"Heavy, distorted house with aggressive synth bass and a punchy festival-club feel. Choose this for huge hooks, dramatic drops and a crowd-friendly festival atmosphere.",https://underowl.net/en/genre/mainstage ; https://vibesdj.io/dj-tools/edm-genre-chart
Mainstage / Commercial EDM,Future House,124,128,,"Bright, punchy and festival-friendly, with bouncy bass sounds and very clean, modern drops. Choose this for huge hooks, dramatic drops and a crowd-friendly festival atmosphere.",https://underowl.net/en/genre/mainstage ; https://vibesdj.io/dj-tools/edm-genre-chart
Mainstage / Commercial EDM,Speed House,130,150,Contemporary label with a wide range; some tracks overlap bass house while others push toward 150 BPM.,"House pushed faster and harder, with bass-heavy drops and a ravey sense of momentum. Choose this for huge hooks, dramatic drops and a crowd-friendly festival atmosphere.",https://underowl.net/en/genre/mainstage ; https://vibesdj.io/dj-tools/edm-genre-chart
Mainstage / Commercial EDM,Future Rave,126,130,,"A sleek festival hybrid of trance atmosphere, techno weight and mainstage build-drop structure. Choose this for huge hooks, dramatic drops and a crowd-friendly festival atmosphere.",https://underowl.net/en/genre/mainstage ; https://vibesdj.io/dj-tools/edm-genre-chart
Mainstage / Commercial EDM,Festival Progressive House,126,130,,"Emotional, anthem-sized progressive house with soaring chords and huge hands-in-the-air drops. Choose this for huge hooks, dramatic drops and a crowd-friendly festival atmosphere.",https://underowl.net/en/genre/mainstage ; https://vibesdj.io/dj-tools/edm-genre-chart
Mainstage / Commercial EDM,commercial EDM,124,132,,"Accessible, polished electronic dance music designed around strong hooks and broad crowd appeal. Choose this for huge hooks, dramatic drops and a crowd-friendly festival atmosphere.",https://underowl.net/en/genre/mainstage ; https://vibesdj.io/dj-tools/edm-genre-chart
Dance / Pop,Dance-Pop,105,130,,"Pop songwriting with a dancefloor engine—catchy vocals, bright production and easy singalong energy. Best if you want recognizable hooks, vocals and an easy bridge between pop listening and club energy.",https://vibesdj.io/dj-tools/edm-genre-chart ; https://thedj-diaries.com/find-your-sound/
Dance / Pop,Electropop,100,130,,"Pop built around synths and electronic drums, usually sleek, catchy and more song-focused than club-focused. Best if you want recognizable hooks, vocals and an easy bridge between pop listening and club energy.",https://vibesdj.io/dj-tools/edm-genre-chart ; https://thedj-diaries.com/find-your-sound/
Dance / Pop,commercial vocal dance,115,130,,"Club-friendly dance music centered on a big singer, a clear chorus and polished production. Best if you want recognizable hooks, vocals and an easy bridge between pop listening and club energy.",https://vibesdj.io/dj-tools/edm-genre-chart ; https://thedj-diaries.com/find-your-sound/
Dance / Pop,EDM-Pop,120,130,,"Pop songs scaled up with festival synths, builds and drops without losing radio-friendly hooks. Best if you want recognizable hooks, vocals and an easy bridge between pop listening and club energy.",https://vibesdj.io/dj-tools/edm-genre-chart ; https://thedj-diaries.com/find-your-sound/
Dance / Pop,Eurodance,130,145,,"Fast, joyful and unmistakably 90s, with big synth hooks, punchy beats and high-energy vocals. Best if you want recognizable hooks, vocals and an easy bridge between pop listening and club energy.",https://vibesdj.io/dj-tools/edm-genre-chart ; https://thedj-diaries.com/find-your-sound/
Dance / Pop,Tropical House,100,118,,"Laid-back and sunny, using soft percussion, breezy melodies and a relaxed pop-friendly groove. Best if you want recognizable hooks, vocals and an easy bridge between pop listening and club energy.",https://vibesdj.io/dj-tools/edm-genre-chart ; https://thedj-diaries.com/find-your-sound/
Dance / Pop,Afro Pop,100,118,,"Polished African pop with rhythmic, danceable production and a strong melodic/vocal focus. Best if you want recognizable hooks, vocals and an easy bridge between pop listening and club energy.",https://vibesdj.io/dj-tools/edm-genre-chart ; https://thedj-diaries.com/find-your-sound/
Dance / Pop,commercial electronic crossover,100,132,Catch-all crossover tag; BPM varies with the pop/club source style.,"A broad tag for pop, dance and electronic styles meeting in a highly accessible radio-friendly form. Best if you want recognizable hooks, vocals and an easy bridge between pop listening and club energy.",https://vibesdj.io/dj-tools/edm-genre-chart ; https://thedj-diaries.com/find-your-sound/
Afro Electronic,Amapiano,108,115,,"Slow, bouncy South African club music with jazzy chords, shakers and the unmistakable rolling log-drum bass. A strong choice if you want groove, percussion and a warmer, more rolling kind of dancefloor energy.",https://se7enbeatlab.com/bpm/amapiano/ ; https://bpmcalc.com/genres/afrobeats/ ; https://orphiq.com/resources/what-is-afro-house ; https://thedj-diaries.com/genealogy/node/3-step/
Afro Electronic,Afrobeats,95,118,,"Warm, melodic and effortlessly danceable, with syncopated percussion, catchy vocals and a relaxed groove. A strong choice if you want groove, percussion and a warmer, more rolling kind of dancefloor energy.",https://se7enbeatlab.com/bpm/amapiano/ ; https://bpmcalc.com/genres/afrobeats/ ; https://orphiq.com/resources/what-is-afro-house ; https://thedj-diaries.com/genealogy/node/3-step/
Afro Electronic,Afropiano,105,116,Crossover tag; tempo usually follows the Amapiano-to-Afrobeats pocket.,"A crossover between Afrobeats melody and Amapiano’s log-drum bounce, usually smooth, vocal and very danceable. A strong choice if you want groove, percussion and a warmer, more rolling kind of dancefloor energy.",https://se7enbeatlab.com/bpm/amapiano/ ; https://bpmcalc.com/genres/afrobeats/ ; https://orphiq.com/resources/what-is-afro-house ; https://thedj-diaries.com/genealogy/node/3-step/
Afro Electronic,Afro House,118,126,,"Percussive, warm and hypnotic, with rolling drums and a strong sense of movement. A strong choice if you want groove, percussion and a warmer, more rolling kind of dancefloor energy.",https://se7enbeatlab.com/bpm/amapiano/ ; https://bpmcalc.com/genres/afrobeats/ ; https://orphiq.com/resources/what-is-afro-house ; https://thedj-diaries.com/genealogy/node/3-step/
Afro Electronic,Afro Tech,120,128,,"Darker and more driving than Afro House, pairing African percussion with a sleek techno edge. A strong choice if you want groove, percussion and a warmer, more rolling kind of dancefloor energy.",https://se7enbeatlab.com/bpm/amapiano/ ; https://bpmcalc.com/genres/afrobeats/ ; https://orphiq.com/resources/what-is-afro-house ; https://thedj-diaries.com/genealogy/node/3-step/
Afro Electronic,Afro Melodic,118,126,,"Melodic Afro-electronic music with warm percussion, emotional synths and a polished sunset-to-club feel. A strong choice if you want groove, percussion and a warmer, more rolling kind of dancefloor energy.",https://se7enbeatlab.com/bpm/amapiano/ ; https://bpmcalc.com/genres/afrobeats/ ; https://orphiq.com/resources/what-is-afro-house ; https://thedj-diaries.com/genealogy/node/3-step/
Afro Electronic,3Step,118,124,,"A newer South African groove with three kicks per bar, creating a rolling pulse between Afro House, Amapiano and Gqom. A strong choice if you want groove, percussion and a warmer, more rolling kind of dancefloor energy.",https://se7enbeatlab.com/bpm/amapiano/ ; https://bpmcalc.com/genres/afrobeats/ ; https://orphiq.com/resources/what-is-afro-house ; https://thedj-diaries.com/genealogy/node/3-step/
Afro Electronic,Gqom,120,130,,"Dark, spacious South African club music with heavy drums, ominous bass and a tense hypnotic swing. A strong choice if you want groove, percussion and a warmer, more rolling kind of dancefloor energy.",https://se7enbeatlab.com/bpm/amapiano/ ; https://bpmcalc.com/genres/afrobeats/ ; https://orphiq.com/resources/what-is-afro-house ; https://thedj-diaries.com/genealogy/node/3-step/
Afro Electronic,Bacardi,110,125,Modern Bacardi/Amapiano-adjacent material is often slower than older Pretoria Bacardi house.,"Raw Pretoria-rooted dance music with snappy percussion and street-level energy; modern versions often overlap Amapiano. A strong choice if you want groove, percussion and a warmer, more rolling kind of dancefloor energy.",https://se7enbeatlab.com/bpm/amapiano/ ; https://bpmcalc.com/genres/afrobeats/ ; https://orphiq.com/resources/what-is-afro-house ; https://thedj-diaries.com/genealogy/node/3-step/
Afro Electronic,Quantum,108,118,Amapiano-adjacent contemporary South African style; published tempo references are less standardized.,"A contemporary Amapiano-adjacent sound focused on deep log drums, darker grooves and a more futuristic edge. A strong choice if you want groove, percussion and a warmer, more rolling kind of dancefloor energy.",https://se7enbeatlab.com/bpm/amapiano/ ; https://bpmcalc.com/genres/afrobeats/ ; https://orphiq.com/resources/what-is-afro-house ; https://thedj-diaries.com/genealogy/node/3-step/
Afro Electronic,Afro Pop,100,118,,"Polished African pop with rhythmic, danceable production and a strong melodic/vocal focus. A strong choice if you want groove, percussion and a warmer, more rolling kind of dancefloor energy.",https://se7enbeatlab.com/bpm/amapiano/ ; https://bpmcalc.com/genres/afrobeats/ ; https://orphiq.com/resources/what-is-afro-house ; https://thedj-diaries.com/genealogy/node/3-step/
Afro Electronic,related African electronic/club styles,100,135,Catch-all tag; classify with a more specific tag whenever one is available.,"A broad discovery tag for African club music that does not fit neatly into the more specific options above. A strong choice if you want groove, percussion and a warmer, more rolling kind of dancefloor energy.",https://se7enbeatlab.com/bpm/amapiano/ ; https://bpmcalc.com/genres/afrobeats/ ; https://orphiq.com/resources/what-is-afro-house ; https://thedj-diaries.com/genealogy/node/3-step/
Brazilian Funk,Brazilian Funk,125,150,Modern Brazilian funk spans classic ~130 BPM grooves and faster 150 BPM waves.,"Raw, percussive and bass-heavy Brazilian party music built for movement, MCs and massive sound systems. Go for it if you want raw percussion, bass pressure and a crowd that treats the rhythm like a physical sport.",https://brazilianfunk.com/en/types-of-brazilian-funk ; https://brazilianfunk.com/en/what-is-brazilian-funk ; https://musicproductionwiki.com/articles/how-to-make-brazilian-funk
Brazilian Funk,Baile Funk,125,150,Umbrella/event-facing term for Brazilian funk; individual regional styles vary.,"The event-facing name for Brazilian funk: fast, physical and centered on the energy of the baile itself. Go for it if you want raw percussion, bass pressure and a crowd that treats the rhythm like a physical sport.",https://brazilianfunk.com/en/types-of-brazilian-funk ; https://brazilianfunk.com/en/what-is-brazilian-funk ; https://musicproductionwiki.com/articles/how-to-make-brazilian-funk
Brazilian Funk,Funk Carioca,125,135,,"Rio’s classic funk sound, driven by the tamborzão rhythm, call-and-response vocals and a rolling street-party groove. Go for it if you want raw percussion, bass pressure and a crowd that treats the rhythm like a physical sport.",https://brazilianfunk.com/en/types-of-brazilian-funk ; https://brazilianfunk.com/en/what-is-brazilian-funk ; https://musicproductionwiki.com/articles/how-to-make-brazilian-funk
Brazilian Funk,Favela Funk,125,145,,"A broad street-level funk tag emphasizing the raw local baile energy associated with Brazil’s favela scenes. Go for it if you want raw percussion, bass pressure and a crowd that treats the rhythm like a physical sport.",https://brazilianfunk.com/en/types-of-brazilian-funk ; https://brazilianfunk.com/en/what-is-brazilian-funk ; https://musicproductionwiki.com/articles/how-to-make-brazilian-funk
Brazilian Funk,Mandelão Funk,130,145,,"Sparse, distorted and hypnotic São Paulo funk built for fluxo parties and huge outdoor speaker systems. Go for it if you want raw percussion, bass pressure and a crowd that treats the rhythm like a physical sport.",https://brazilianfunk.com/en/types-of-brazilian-funk ; https://brazilianfunk.com/en/what-is-brazilian-funk ; https://musicproductionwiki.com/articles/how-to-make-brazilian-funk
Brazilian Funk,BH Funk,125,135,,"Belo Horizonte’s regional funk style, often smoother and more melodic while keeping the punchy Brazilian groove. Go for it if you want raw percussion, bass pressure and a crowd that treats the rhythm like a physical sport.",https://brazilianfunk.com/en/types-of-brazilian-funk ; https://brazilianfunk.com/en/what-is-brazilian-funk ; https://musicproductionwiki.com/articles/how-to-make-brazilian-funk
Brazilian Funk,Melodic Funk,115,130,,"A more tuneful, song-oriented side of Brazilian funk with romantic hooks and smoother production. Go for it if you want raw percussion, bass pressure and a crowd that treats the rhythm like a physical sport.",https://brazilianfunk.com/en/types-of-brazilian-funk ; https://brazilianfunk.com/en/what-is-brazilian-funk ; https://musicproductionwiki.com/articles/how-to-make-brazilian-funk
Brazilian Funk,Eletrofunk,120,135,,"Brazilian funk mixed with glossy electronic synths and club production for a brighter, more synthetic sound. Go for it if you want raw percussion, bass pressure and a crowd that treats the rhythm like a physical sport.",https://brazilianfunk.com/en/types-of-brazilian-funk ; https://brazilianfunk.com/en/what-is-brazilian-funk ; https://musicproductionwiki.com/articles/how-to-make-brazilian-funk
Brazilian Funk,Automotivo,135,155,,"Bass-first Brazilian funk engineered for car systems and paredões, with clipped low end and hard repetitive impact. Go for it if you want raw percussion, bass pressure and a crowd that treats the rhythm like a physical sport.",https://brazilianfunk.com/en/types-of-brazilian-funk ; https://brazilianfunk.com/en/what-is-brazilian-funk ; https://musicproductionwiki.com/articles/how-to-make-brazilian-funk
Brazilian Funk,Rasteirinha,90,105,,"A slower, sensual Brazilian funk style with dembow-like swing and more breathing room in the groove. Go for it if you want raw percussion, bass pressure and a crowd that treats the rhythm like a physical sport.",https://brazilianfunk.com/en/types-of-brazilian-funk ; https://brazilianfunk.com/en/what-is-brazilian-funk ; https://musicproductionwiki.com/articles/how-to-make-brazilian-funk
Latin Electronic,Latin Electronic,100,135,Umbrella tag; substyles beneath it are much more predictive of tempo.,"A broad Latin club umbrella: percussion-heavy, energetic and open to house, bass, dembow and experimental crossover. Great for high-energy nights where Latin rhythms, percussion and club production collide.",https://underowl.net/en/genre/tribal-guarachero ; https://se7enbeatlab.com/bpm/moombahton/ ; https://topdjcrates.com/blog/guaracha-dj-crates-for-sale-the-2026-tribal-guarachero-bpm-matching-gu
Latin Electronic,Latin Bass,95,135,"Broad umbrella spanning dembow-adjacent, bass and club forms.","Bass music shaped by Latin rhythms and samples, often mixing dembow, cumbia or club percussion with heavy low end. Great for high-energy nights where Latin rhythms, percussion and club production collide.",https://underowl.net/en/genre/tribal-guarachero ; https://se7enbeatlab.com/bpm/moombahton/ ; https://topdjcrates.com/blog/guaracha-dj-crates-for-sale-the-2026-tribal-guarachero-bpm-matching-gu
Latin Electronic,Tribal / Guaracha,125,135,,"Fast, percussive Latin club music with pounding kicks, bright synths and nonstop peak-time momentum. Great for high-energy nights where Latin rhythms, percussion and club production collide.",https://underowl.net/en/genre/tribal-guarachero ; https://se7enbeatlab.com/bpm/moombahton/ ; https://topdjcrates.com/blog/guaracha-dj-crates-for-sale-the-2026-tribal-guarachero-bpm-matching-gu
Latin Electronic,Tribal Guarachero,130,135,,"Mexican tribal club music famous for triplet percussion, sharp synth stabs and a distinctive galloping groove. Great for high-energy nights where Latin rhythms, percussion and club production collide.",https://underowl.net/en/genre/tribal-guarachero ; https://se7enbeatlab.com/bpm/moombahton/ ; https://topdjcrates.com/blog/guaracha-dj-crates-for-sale-the-2026-tribal-guarachero-bpm-matching-gu
Latin Electronic,Raptor House / Changa Tuki,125,135,Regional Venezuelan club style; published BPM references are less standardized than major store genres.,"Hyperactive Venezuelan club music with fast drums, chopped samples and a raw neighborhood-party energy. Great for high-energy nights where Latin rhythms, percussion and club production collide.",https://underowl.net/en/genre/tribal-guarachero ; https://se7enbeatlab.com/bpm/moombahton/ ; https://topdjcrates.com/blog/guaracha-dj-crates-for-sale-the-2026-tribal-guarachero-bpm-matching-gu
Latin Electronic,Electronic Cumbia / Cumbia Digital,85,115,Broad family; cumbia groove is more diagnostic than one tempo.,"Traditional cumbia rhythm rebuilt with synths, samples and electronic bass for a futuristic but deeply danceable feel. Great for high-energy nights where Latin rhythms, percussion and club production collide.",https://underowl.net/en/genre/tribal-guarachero ; https://se7enbeatlab.com/bpm/moombahton/ ; https://topdjcrates.com/blog/guaracha-dj-crates-for-sale-the-2026-tribal-guarachero-bpm-matching-gu
Latin Electronic,Moombahton,108,115,,"Dembow rhythm plus slowed-down house energy: bouncy, bassy and ideal for a sweaty party set. Great for high-energy nights where Latin rhythms, percussion and club production collide.",https://underowl.net/en/genre/tribal-guarachero ; https://se7enbeatlab.com/bpm/moombahton/ ; https://topdjcrates.com/blog/guaracha-dj-crates-for-sale-the-2026-tribal-guarachero-bpm-matching-gu
Latin Electronic,Neo-Perreo,85,115,Often reggaeton/dembow-tempo but can stretch into faster club edits.,"Dark, internet-era reggaeton/perreo with experimental production, attitude and a more underground club aesthetic. Great for high-energy nights where Latin rhythms, percussion and club production collide.",https://underowl.net/en/genre/tribal-guarachero ; https://se7enbeatlab.com/bpm/moombahton/ ; https://topdjcrates.com/blog/guaracha-dj-crates-for-sale-the-2026-tribal-guarachero-bpm-matching-gu
Latin Electronic,Latin Club,95,135,,"A flexible tag for modern club music driven by Latin rhythms, vocals and percussion rather than one strict genre. Great for high-energy nights where Latin rhythms, percussion and club production collide.",https://underowl.net/en/genre/tribal-guarachero ; https://se7enbeatlab.com/bpm/moombahton/ ; https://topdjcrates.com/blog/guaracha-dj-crates-for-sale-the-2026-tribal-guarachero-bpm-matching-gu
Latin Electronic,electronic Reggaeton crossover,85,110,"Usually follows reggaeton/dembow tempo, with club remixes sometimes faster.","Reggaeton’s dembow groove pushed toward electronic club production with heavier synths, edits and transitions. Great for high-energy nights where Latin rhythms, percussion and club production collide.",https://underowl.net/en/genre/tribal-guarachero ; https://se7enbeatlab.com/bpm/moombahton/ ; https://topdjcrates.com/blog/guaracha-dj-crates-for-sale-the-2026-tribal-guarachero-bpm-matching-gu
Latin Electronic,Latin House,122,130,,"House grooves energized by Latin percussion, vocals and rhythmic flavor. Great for high-energy nights where Latin rhythms, percussion and club production collide.",https://underowl.net/en/genre/tribal-guarachero ; https://se7enbeatlab.com/bpm/moombahton/ ; https://topdjcrates.com/blog/guaracha-dj-crates-for-sale-the-2026-tribal-guarachero-bpm-matching-gu
Latin Electronic,Tribal House,124,130,,"Drum-heavy and physical, with congas, toms and layered percussion creating a rolling, ritual feel. Great for high-energy nights where Latin rhythms, percussion and club production collide.",https://underowl.net/en/genre/tribal-guarachero ; https://se7enbeatlab.com/bpm/moombahton/ ; https://topdjcrates.com/blog/guaracha-dj-crates-for-sale-the-2026-tribal-guarachero-bpm-matching-gu
Ambient / Experimental,Ambient,60,100,Many tracks are beatless or only loosely metered; BPM is often not meaningful.,"Atmospheric music designed more to create a space than drive a dancefloor; often beatless, slow and immersive. Choose it when you want immersion, texture and surprise more than a conventional peak-time dancefloor.",https://bpmcalc.com/genres/ambient/ ; https://www.mixgraph.io/bpm-for/downtempo ; https://vibesdj.io/dj-tools/edm-genre-chart
Ambient / Experimental,Downtempo,80,115,,"Relaxed electronic music with a steady pulse, warm textures and enough groove to move without feeling rushed. Choose it when you want immersion, texture and surprise more than a conventional peak-time dancefloor.",https://bpmcalc.com/genres/ambient/ ; https://www.mixgraph.io/bpm-for/downtempo ; https://vibesdj.io/dj-tools/edm-genre-chart
Ambient / Experimental,Experimental Electronic,60,160,Extremely broad; tempo is not a defining feature.,"Electronic music that treats the rules as optional—unusual structures, sounds and ideas come before genre expectations. Choose it when you want immersion, texture and surprise more than a conventional peak-time dancefloor.",https://bpmcalc.com/genres/ambient/ ; https://www.mixgraph.io/bpm-for/downtempo ; https://vibesdj.io/dj-tools/edm-genre-chart
Ambient / Experimental,Electronica,80,140,,"A broad listening-focused electronic tag covering melodic, atmospheric and leftfield music outside straightforward club genres. Choose it when you want immersion, texture and surprise more than a conventional peak-time dancefloor.",https://bpmcalc.com/genres/ambient/ ; https://www.mixgraph.io/bpm-for/downtempo ; https://vibesdj.io/dj-tools/edm-genre-chart
Ambient / Experimental,IDM,90,160,,"Intricate, playful electronic music with complex rhythms and detailed sound design made as much for headphones as clubs. Choose it when you want immersion, texture and surprise more than a conventional peak-time dancefloor.",https://bpmcalc.com/genres/ambient/ ; https://www.mixgraph.io/bpm-for/downtempo ; https://vibesdj.io/dj-tools/edm-genre-chart
Ambient / Experimental,Glitch,100,150,,"Digital errors turned into rhythm: clicks, stutters, chopped fragments and broken textures used creatively. Choose it when you want immersion, texture and surprise more than a conventional peak-time dancefloor.",https://bpmcalc.com/genres/ambient/ ; https://www.mixgraph.io/bpm-for/downtempo ; https://vibesdj.io/dj-tools/edm-genre-chart
Ambient / Experimental,Drone,0,80,Often beatless; bpm_min=0 is a machine-readable placeholder for 'no fixed BPM'.,"Slow-moving or beatless sound built from sustained tones and texture, creating an immersive, almost physical atmosphere. Choose it when you want immersion, texture and surprise more than a conventional peak-time dancefloor.",https://bpmcalc.com/genres/ambient/ ; https://www.mixgraph.io/bpm-for/downtempo ; https://vibesdj.io/dj-tools/edm-genre-chart
Ambient / Experimental,Ambient Techno,90,130,,"Techno’s pulse softened into something spacious and meditative, with deep chords and long atmospheric tails. Choose it when you want immersion, texture and surprise more than a conventional peak-time dancefloor.",https://bpmcalc.com/genres/ambient/ ; https://www.mixgraph.io/bpm-for/downtempo ; https://vibesdj.io/dj-tools/edm-genre-chart
Ambient / Experimental,Ambient House,95,125,,"House rhythm blended with dreamy pads and chillout atmosphere for a gentle floating groove. Choose it when you want immersion, texture and surprise more than a conventional peak-time dancefloor.",https://bpmcalc.com/genres/ambient/ ; https://www.mixgraph.io/bpm-for/downtempo ; https://vibesdj.io/dj-tools/edm-genre-chart
Ambient / Experimental,Chillout,80,110,,"Easygoing electronic music for decompression rather than peak-time dancing—soft beats, warm textures and relaxed pacing. Choose it when you want immersion, texture and surprise more than a conventional peak-time dancefloor.",https://bpmcalc.com/genres/ambient/ ; https://www.mixgraph.io/bpm-for/downtempo ; https://vibesdj.io/dj-tools/edm-genre-chart
Ambient / Experimental,Leftfield Electronica,80,140,,"Adventurous electronic listening music that sits between ambient, IDM, club and experimental worlds. Choose it when you want immersion, texture and surprise more than a conventional peak-time dancefloor.",https://bpmcalc.com/genres/ambient/ ; https://www.mixgraph.io/bpm-for/downtempo ; https://vibesdj.io/dj-tools/edm-genre-chart
Ambient / Experimental,Microsound,60,130,,"Tiny clicks, grains and microscopic textures become the music; subtle, abstract and best heard up close. Choose it when you want immersion, texture and surprise more than a conventional peak-time dancefloor.",https://bpmcalc.com/genres/ambient/ ; https://www.mixgraph.io/bpm-for/downtempo ; https://vibesdj.io/dj-tools/edm-genre-chart
Ambient / Experimental,Braindance,90,160,,"Playful, eccentric electronic music with complex rhythms and melodies—IDM with more personality and mischief. Choose it when you want immersion, texture and surprise more than a conventional peak-time dancefloor.",https://bpmcalc.com/genres/ambient/ ; https://www.mixgraph.io/bpm-for/downtempo ; https://vibesdj.io/dj-tools/edm-genre-chart
